x,poly4
-0.4305552749198331,152.9181159381294
-0.4297086042035878,148.74712670541203
-0.4288619334873426,144.62083996427202
-0.4280152627710973,140.53903998159808
-0.427168592054852,136.50151145028553
-0.42632192133860675,132.50803948923635
-0.4254752506223615,128.55840964335937
-0.42462857990611624,124.6524078835688
-0.42378190918987096,120.78982060678572
-0.4229352384736257,116.9704346359382
-0.42208856775738046,113.19403721995945
-0.4212418970411352,109.46041603379024
-0.4203952263248899,105.76935917837716
-0.4195485556086447,102.12065518067323
-0.4187018848923994,98.51409299363763
-0.4178552141761541,94.94946199623678
-0.41700854345990884,91.42655199344267
-0.4161618727436636,87.94515321623419
-0.41531520202741834,84.50505632159582
-0.41446853131117306,81.10605239251981
-0.4136218605949278,77.7479329380036
-0.41277518987868256,74.4304898930518
-0.4119285191624373,71.1535156186743
-0.411081848446192,67.91680290188856
-0.4102351777299468,64.72014495571864
-0.4093885070137015,61.56333541919332
-0.4085418362974562,58.44616835734939
-0.40769516558121094,55.368438261229585
-0.4068484948649657,52.329940047882815
-0.40600182414872044,49.330469060364294
-0.40515515343247516,46.36982106773621
-0.4043084827162299,43.44779226506637
-0.40346181199998465,40.56417927342977
-0.4026151412837394,37.71877913990738
-0.4017684705674941,34.91138933758634
-0.4009217998512488,32.141807765560316
-0.4000751291350036,29.40983274893017
-0.3992284584187583,26.715263038801936
-0.39838178770251303,24.057897812288843
-0.39753511698626776,21.437536672510305
-0.39668844627002253,18.853979648591917
-0.39584177555377725,16.30702719566591
-0.394995104837532,13.796480194870924
-0.39414843412128675,11.32213995335178
-0.39330176340504147,8.883808204259935
-0.3924550926887962,6.481287106753484
-0.3916084219725509,4.114379245995792
-0.3907617512563057,1.7828876331583388
-0.3899150805400604,-0.5133842945825791
-0.38906840982381513,-2.7746326740435734
-0.38822173910756985,-5.001053216034393
-0.38737506839132463,-7.192841205359173
-0.38652839767507935,-9.350191500815754
-0.38568172695883407,-11.473298535195
-0.38483505624258885,-13.562356315281136
-0.38398838552634357,-15.617558421852891
-0.3831417148100983,-17.639098009682243
-0.382295044093853,-19.62716780753442
-0.3814483733776078,-21.581960118168467
-0.3806017026613625,-23.50366681833725
-0.3797550319451172,-25.392479358787
-0.37890836122887195,-27.248588764257647
-0.3780616905126267,-29.072185633482718
-0.37721501979638145,-30.863460139189215
-0.37636834908013617,-32.62260202809796
-0.37552167836389094,-34.34980062092325
-0.37467500764764566,-36.04524481237286
-0.3738283369314004,-37.70912307114861
-0.3729816662151551,-39.341623439945465
-0.3721349954989099,-40.942933535452084
-0.3712883247826646,-42.51324054835072
-0.3704416540664193,-44.05273124331768
-0.36959498335017404,-45.56159195902228
-0.3687483126339288,-47.04000860812778
-0.36790164191768354,-48.48816667729068
-0.36705497120143826,-49.90625122716176
-0.36620830048519304,-51.29444689238426
-0.36536162976894776,-52.652937881596586
-0.3645149590527025,-53.9819079774295
-0.3636682883364572,-55.28154053650792
-0.3628216176202119,-56.552018489450006
-0.3619749469039667,-57.79352434086775
-0.3611282761877214,-59.00624016936672
-0.36028160547147614,-60.19034762754666
-0.3594349347552309,-61.346027941999864
-0.35858826403898564,-62.47346191331246
-0.35774159332274036,-63.57282991606485
-0.35689492260649514,-64.64431189883078
-0.35604825189024986,-65.68808738417704
-0.3552015811740046,-66.7043354686648
-0.3543549104577593,-67.69323482284858
-0.353508239741514,-68.65496369127561
-0.3526615690252688,-69.58969989248851
-0.3518148983090235,-70.49762081902179
-0.35096822759277824,-71.3789034374048
-0.350121556876533,-72.23372428815946
-0.34927488616028773,-73.06225948580231
-0.34842821544404246,-73.86468471884285
-0.34758154472779723,-74.64117524978406
-0.34673487401155195,-75.39190591512306
-0.3458882032953067,-76.11705112535026
-0.3450415325790614,-76.81678486494957
-0.3441948618628161,-77.4912806923989
-0.3433481911465709,-78.14071174016914
-0.3425015204303256,-78.76525071472594
-0.34165484971408033,-79.36506989652679
-0.3408081789978351,-79.94034114002454
-0.33996150828158983,-80.49123587366438
-0.33911483756534455,-81.01792509988582
-0.3382681668490993,-81.52057939512173
-0.33742149613285405,-81.99936890979876
-0.33657482541660877,-82.45446336833675
-0.3357281547003635,-82.88603206914962
-0.3348814839841182,-83.2942438846444
-0.334034813267873,-83.6792672612221
-0.3331881425516277,-84.04127021927758
-0.33234147183538243,-84.38042035319847
-0.3314948011191372,-84.69688483136684
-0.3306481304028919,-84.99083039615783
-0.32980145968664665,-85.26242336394057
-0.32895478897040137,-85.51182962507738
-0.3281081182541561,-85.73921464392464
-0.32726144753791087,-85.94474345883174
-0.3264147768216656,-86.12858068214217
-0.3255681061054203,-86.29089050019314
-0.3247214353891751,-86.43183667331493
-0.3238747646729298,-86.55158253583181
-0.3230280939566845,-86.65029099606153
-0.3221814232404393,-86.72812453631548
-0.321334752524194,-86.78524521289859
-0.32048808180794874,-86.82181465610932
-0.31964141109170346,-86.83799407023997
-0.3187947403754582,-86.83394423357652
-0.31794806965921296,-86.80982549839803
-0.3171013989429677,-86.76579779097773
-0.3162547282267224,-86.70202061158227
-0.3154080575104772,-86.61865303447144
-0.3145613867942319,-86.51585370789934
-0.3137147160779866,-86.39378085411346
-0.3128680453617414,-86.25259226935464
-0.3120213746454961,-86.09244532385753
-0.31117470392925084,-85.9134969618504
-0.31032803321300556,-85.71590370155496
-0.3094813624967603,-85.49982163518683
-0.30863469178051506,-85.26540642895486
-0.3077880210642698,-85.01281332306195
-0.3069413503480245,-84.74219713170402
-0.3060946796317793,-84.45371224307104
-0.305248008915534,-84.14751261934651
-0.3044013381992887,-83.82375179670743
-0.3035546674830435,-83.48258288532435
-0.30270799676679816,-83.12415856936184
-0.30186132605055294,-82.74863110697765
-0.30101465533430766,-82.35615233032286
-0.3001679846180624,-81.94687364554306
-0.29932131390181715,-81.52094603277675
-0.2984746431855719,-81.07852004615603
-0.2976279724693266,-80.61974581380701
-0.2967813017530814,-80.14477303784912
-0.2959346310368361,-79.65375099439547
-0.2950879603205908,-79.1468285335526
-0.2942412896043456,-78.6241540794212
-0.29339461888810026,-78.08587563009456
-0.29254794817185503,-77.53214075766073
-0.29170127745560975,-76.9630966082006
-0.2908546067393645,-76.37888990178882
-0.29000793602311925,-75.77966693249405
-0.28916126530687397,-75.16557356837771
-0.2883145945906287,-74.53675525149569
-0.28746792387438347,-73.89335699789703
-0.2866212531581382,-73.23552339762435
-0.2857745824418929,-72.56339861471426
-0.2849279117256477,-71.8771263871964
-0.28408124100940235,-71.17685002709445
-0.28323457029315713,-70.46271242042562
-0.28238789957691185,-69.7348560272006
-0.28154122886066657,-68.99342288142373
-0.28069455814442135,-68.23855459109294
-0.27984788742817607,-67.47039233820001
-0.2790012167119308,-66.68907687872985
-0.27815454599568556,-65.89474854266146
-0.2773078752794403,-65.08754723396709
-0.276461204563195,-64.2676124306127
-0.2756145338469498,-63.43508318455795
-0.27476786313070445,-62.59009812175597
-0.2739211924144592,-61.732795442153616
-0.27307452169821395,-60.86331291969128
-0.27222785098196867,-59.981787902302784
-0.27138118026572344,-59.08835731191601
-0.27053450954947816,-58.18315764445214
-0.2696878388332329,-57.2663249698258
-0.26884116811698766,-56.33799493194553
-0.2679944974007424,-55.39830274871338
-0.2671478266844971,-54.4473832120249
-0.2663011559682519,-53.48537068776932
-0.26545448525200654,-52.51239911582951
-0.2646078145357613,-51.52860201008198
-0.26376114381951604,-50.534112458396635
-0.26291447310327076,-49.52906312263721
-0.26206780238702554,-48.51358623866099
-0.26122113167078026,-47.48781361631882
-0.260374460954535,-46.45187663945495
-0.25952779023828976,-45.40590626590782
-0.2586811195220444,-44.35003302750866
-0.2578344488057992,-43.28438703008311
-0.256987778089554,-42.209097953449856
-0.25614110737330864,-41.12429505142137
-0.2552944366570634,-40.03010715180392
-0.25444776594081814,-38.926662656396985
-0.25360109522457286,-37.81408954099396
-0.25275442450832764,-36.69251535538166
-0.25190775379208236,-35.562067223340705
-0.2510610830758371,-34.422871842645065
-0.25021441235959185,-33.27505548506255
-0.24936774164334655,-32.1187439963544
-0.2485210709271013,-30.954062796275622
-0.24767440021085602,-29.781136878574642
-0.24682772949461076,-28.600090810993635
-0.2459810587783655,-27.411048735268338
-0.24513438806212023,-26.21413436712794
-0.24428771734587498,-25.009470996295605
-0.2434410466296297,-23.797181486487702
-0.24259437591338445,-22.577388275414407
-0.24174770519713917,-21.350213374779486
-0.24090103448089392,-20.11577837028034
-0.24005436376464864,-18.87420442160777
-0.2392076930484034,-17.62561226244658
-0.2383610223321581,-16.370122200474697
-0.23751435161591286,-15.107854117363999
-0.23666768089966758,-13.838927468779886
-0.23582101018342233,-12.563461284381233
-0.23497433946717708,-11.281574167820708
-0.2341276687509318,-9.993384296744452
-0.23328099803468655,-8.699009422792187
-0.23243432731844127,-7.398566871597382
-0.23158765660219602,-6.092173542787194
-0.23074098588595074,-4.779945909981876
-0.2298943151697055,-3.462000020795884
-0.2290476444534602,-2.1384514968368507
-0.22820097373721496,-0.8094155337063711
-0.22735430302096968,0.5249930990006675
-0.22650763230472443,1.8646600576955876
-0.22566096158847915,3.2094714247963054
-0.2248142908722339,4.559313708726705
-0.22396762015598864,5.914073843917635
-0.22312094943974337,7.273639190805994
-0.22227427872349811,8.637897535834966
-0.22142760800725284,10.006737091454568
-0.22058093729100758,11.380046496120855
-0.2197342665747623,12.757714814296264
-0.21888759585851705,14.139631536449926
-0.21804092514227177,15.525686579057087
-0.21719425442602652,16.915770284599397
-0.21634758370978124,18.30977342156517
-0.215500912993536,19.707587184448776
-0.2146542422772907,21.109103193751253
-0.21380757156104546,22.514213495979902
-0.2129609008448002,23.922810563648348
-0.21211423012855493,25.334787295276875
-0.21126755941230968,26.750037015391875
-0.2104208886960644,28.168453474526252
-0.20957421797981915,29.589930849219378
-0.20872754726357387,31.014363742016947
-0.20788087654732862,32.44164718147085
-0.20703420583108334,33.871676622139915
-0.2061875351148381,35.30434794458875
-0.2053408643985928,36.73955745538879
-0.20449419368234756,38.17720188711763
-0.20364752296610228,39.61717839835943
-0.20280085224985703,41.05938457370452
-0.20195418153361178,42.50371842374993
-0.2011075108173665,43.9500783850988
-0.20026084010112125,45.39836332036085
-0.19941416938487597,46.84847251815217
-0.19856749866863072,48.30030569309511
-0.19772082795238544,49.75376298581864
-0.19687415723614018,51.20874496295789
-0.1960274865198949,52.665152617154526
-0.19518081580364965,54.12288736705661
-0.19433414508740438,55.581851057318566
-0.19348747437115912,57.041945958601154
-0.19264080365491384,58.50307476757178
-0.1917941329386686,59.96514060690389
-0.19094746222242334,61.428047025277436
-0.19010079150617806,62.891697997379055
-0.1892541207899328,64.35599792390146
-0.18840745007368753,65.82085163154376
-0.18756077935744228,67.28616437301167
-0.186714108641197,68.75184182701713
-0.18586743792495175,70.21779009827854
-0.18502076720870647,71.68391571752073
-0.18417409649246122,73.15012564147474
-0.18332742577621594,74.61632725287836
-0.1824807550599707,76.0824283604754
-0.1816340843437254,77.54833719901626
-0.18078741362748016,79.01396242925783
-0.1799407429112349,80.47921313796307
-0.17909407219498963,81.94399883790172
-0.17824740147874435,83.40822946784968
-0.17740073076249913,84.87181539258918
-0.17655406004625385,86.33466740290916
-0.17570738933000857,87.7966967156047
-0.1748607186137633,89.25781497347728
-0.17401404789751806,90.71793424533476
-0.17316737718127279,92.17696702599171
-0.1723207064650275,93.63482623626874
-0.17147403574878223,95.09142522299288
-0.170627365032537,96.5466777589977
-0.16978069431629172,98.00049804312317
-0.16893402360004645,99.45280070021568
-0.16808735288380122,100.90350078112769
-0.16724068216755594,102.3525137627185
-0.16639401145131066,103.79975554785364
-0.16554734073506538,105.24514246540487
-0.16470067001882016,106.68859127025044
-0.16385399930257488,108.1300191432752
-0.1630073285863296,109.56934369137021
-0.16216065787008432,111.00648294743286
-0.1613139871538391,112.441355370367
-0.16046731643759382,113.8738798450831
-0.15962064572134854,115.30397568249762
-0.15877397500510332,116.73156261953366
-0.15792730428885804,118.1565608191208
-0.15708063357261276,119.57889087019481
-0.15623396285636748,120.99847378769799
-0.15538729214012226,122.41523101257874
-0.15454062142387698,123.82908441179252
-0.1536939507076317,125.23995627830054
-0.15284727999138642,126.64776933107056
-0.1520006092751412,128.05244671507697
-0.15115393855889592,129.4539120013003
-0.15030726784265064,130.85208918672765
-0.14946059712640536,132.24690269435243
-0.14861392641016014,133.6382773731743
-0.14776725569391486,135.02613849819966
-0.14692058497766958,136.4104117704411
-0.14607391426142435,137.79102331691752
-0.14522724354517907,139.16789969065437
-0.1443805728289338,140.54096787068352
-0.14353390211268852,141.9101552620431
-0.1426872313964433,143.2753896957775
-0.141840560680198,144.63659942893813
-0.14099388996395273,145.99371314458205
-0.14014721924770746,147.34665995177318
-0.13930054853146223,148.69536938558156
-0.13845387781521695,150.03977140708383
-0.13760720709897167,151.37979640336303
-0.13676053638272645,152.71537518750836
-0.13591386566648117,154.0464389986157
-0.1350671949502359,155.37291950178724
-0.1342205242339906,156.69474878813145
-0.1333738535177454,158.01185937476313
-0.1325271828015001,159.3241842048039
-0.13168051208525483,160.63165664738142
-0.13083384136900955,161.93421049762966
-0.12998717065276433,163.2317799766892
-0.12914049993651905,164.52429973170717
-0.12829382922027377,165.81170483583665
-0.1274471585040285,167.09393078823754
-0.12660048778778327,168.3709135140757
-0.125753817071538,169.64258936452396
-0.12490714635529271,170.90889511676102
-0.12406047563904748,172.1697679739721
-0.1232138049228022,173.42514556534917
-0.12236713420655693,174.6749659460902
-0.12152046349031165,175.91916759739954
-0.12067379277406642,177.15768942648822
-0.11982712205782114,178.39047076657354
-0.11898045134157587,179.6174513768791
-0.11813378062533059,180.83857144263501
-0.11728710990908536,182.05377157507763
-0.11644043919284008,183.26299281144998
-0.1155937684765948,184.46617661500133
-0.11474709776034958,185.66326487498716
-0.1139004270441043,186.85419990666966
-0.11305375632785902,188.03892445131734
-0.11220708561161374,189.2173816762049
-0.11136041489536852,190.38951517461356
-0.11051374417912324,191.55526896583115
-0.10966707346287796,192.71458749515153
-0.10882040274663268,193.8674156338752
-0.10797373203038746,195.01369867930893
-0.10712706131414218,196.153382354766
-0.1062803905978969,197.28641280956603
-0.10543371988165168,198.41273661903497
-0.1045870491654064,199.5323007845053
-0.10374037844916112,200.64505273331582
-0.10289370773291584,201.75094031881173
-0.10204703701667062,202.84991182034446
-0.10120036630042534,203.94191594327228
-0.10035369558418006,205.02690181895943
-0.09950702486793478,206.1048190047767
-0.09866035415168956,207.17561748410122
-0.09781368343544428,208.23924766631674
-0.096967012719199,209.29566038681304
-0.09612034200295372,210.34480690698663
-0.0952736712867085,211.38663891424008
-0.09442700057046322,212.42110852198283
-0.09358032985421794,213.44816826963032
-0.09273365913797271,214.46777112260432
-0.09188698842172743,215.4798704723335
-0.09104031770548215,216.48442013625242
-0.09019364698923688,217.4813743578022
-0.08934697627299165,218.4706878064304
-0.08850030555674637,219.45231557759104
-0.0876536348405011,220.4262131927443
-0.08680696412425581,221.39233659935712
-0.08596029340801059,222.3506421709024
-0.08511362269176531,223.30108670685976
-0.08426695197552003,224.24362743271513
-0.08342028125927481,225.17822199996078
-0.08257361054302953,226.1048284860954
-0.08172693982678425,227.0234053946242
-0.08088026911053897,227.93391165505855
-0.08003359839429375,228.8363066229164
-0.07918692767804847,229.73055007972204
-0.07834025696180319,230.61660223300612
-0.07749358624555791,231.49442371630585
-0.07664691552931269,232.36397558916448
-0.07580024481306741,233.22521933713205
-0.07495357409682213,234.07811687176485
-0.07410690338057685,234.9226305306255
-0.07326023266433163,235.7587230772829
-0.07241356194808635,236.5863577013128
-0.07156689123184107,237.4054980182969
-0.07072022051559584,238.21610806982338
-0.06987354979935056,239.01815232348704
-0.06902687908310529,239.8115956728889
-0.06818020836686,240.59640343763627
-0.06733353765061478,241.37254136334303
-0.0664868669343695,242.13997562162945
-0.06564019621812422,242.89867281012224
-0.06479352550187895,243.64859995245433
-0.06394685478563372,244.38972449826502
-0.06310018406938844,245.12201432320035
-0.062253513353143164,245.8454377289124
-0.06140684263689794,246.5599634430597
-0.06056017192065266,247.26556061930748
-0.05971350120440738,247.962198837327
-0.0588668304881621,248.64984810279606
-0.05802015977191688,249.32847884739883
-0.0571734890556716,249.99806192882593
-0.05632681833942632,250.65856863077428
-0.05548014762318104,251.30997066294742
-0.05463347690693582,251.95224016105496
-0.05378680619069054,252.5853496868131
-0.05294013547444526,253.20927222794452
-0.05209346475819998,253.82398119817805
-0.05124679404195476,254.42945043724905
-0.05040012332570948,255.02565421089935
-0.0495534526094642,255.61256721087705
-0.048706781893218976,256.19016455493676
-0.047860111176973696,256.7584217868394
-0.04701344046072842,257.3173148763522
-0.04616676974448314,257.86682021924906
-0.045320099028237915,258.40691463731
-0.044473428311992635,258.9375753783216
-0.043626757595747356,259.4587801160768
-0.04278008687950208,259.9705069503748
-0.041933416163256854,260.4727344070214
-0.041086745447011574,260.96544143782876
-0.040240074730766295,261.4486074206153
-0.03939340401452107,261.92221215920597
-0.03854673329827579,262.3862358834321
-0.037700062582030514,262.8406592491313
-0.036853391865785234,263.28546333814774
-0.03600672114954001,263.72062965833175
-0.03516005043329473,264.1461401435404
-0.03431337971704945,264.561977153637
-0.03346670900080417,264.968123474491
-0.03262003828455895,265.36456231797865
-0.03177336756831367,265.75127732198234
-0.03092669685206839,266.128252550391
-0.030080026135823112,266.4954724930998
-0.02923335541957789,266.8529220660104
-0.02838668470333261,267.20058661103104
-0.02754001398708733,267.5384518960759
-0.026693343270842107,267.86650411506594
-0.025846672554596828,268.18472988792854
-0.02500000183835155,268.493116260597
-0.02415333112210627,268.7916507050117
-0.023306660405861046,269.0803211191188
-0.022459989689615767,269.35911582687135
-0.021613318973370488,269.6280235782284
-0.02076664825712521,269.8870335491556
-0.019919977540879985,270.1361353416251
-0.019073306824634706,270.3753189836151
-0.018226636108389427,270.6045749291105
-0.017379965392144203,270.8238940581025
-0.016533294675898924,271.0332676765887
-0.015686623959653645,271.2326875165731
-0.014839953243408366,271.42214573606606
-0.013993282527163142,271.6016349190844
-0.013146611810917863,271.7711480756512
-0.012299941094672584,271.93067864179613
-0.011453270378427305,272.08022047955524
-0.010606599662182081,272.2197678769707
-0.009759928945936802,272.34931554809134
-0.008913258229691523,272.46885863297246
-0.008066587513446244,272.57839269767544
-0.00721991679720102,272.6779137342683
-0.006373246080955741,272.76741816082546
-0.005526575364710462,272.8469028214275
-0.0046799046484652385,272.91636498616174
-0.0038332339322199593,272.9758023511215
-0.0029865632159746802,273.02521303840695
-0.002139892499729401,273.06459559612426
-0.0012932217834841775,273.09394899838617
-0.00044655106723889837,273.1132726453119
0.00040011964900638075,273.1225663630269
0.0012467903652516599,273.121830403663
0.0020934610814968835,273.11106544535863
0.0029401317977421626,273.0902725922585
0.0037868025139874417,273.05945337451357
0.004633473230232665,273.0186097482815
0.0054801439464779444,272.9677440957261
0.006326814662723224,272.90685922501757
0.007173485378968503,272.83595837033283
0.008020156095213726,272.7550451918548
0.008866826811459005,272.6641237757729
0.009713497527704285,272.56319863428314
0.010560168243949564,272.4522747055877
0.011406838960194787,272.33135735389527
0.012253509676440066,272.20045236942093
0.013100180392685346,272.05956596838604
0.013946851108930569,271.90870479301867
0.014793521825175848,271.74787591155285
0.015640192541421127,271.5770868182293
0.016486863257666406,271.3963454332951
0.01733353397391163,271.20566010300365
0.01818020469015691,271.0050395996147
0.01902687540640219,270.7944931213946
0.019873546122647467,270.57403029261604
0.02072021683889269,270.3436611635578
0.02156688755513797,270.10339621050554
0.02241355827138325,269.8532463357509
0.02326022898762853,269.5932228675921
0.024106899703873752,269.323337560334
0.02495357042011903,269.04360259428717
0.02580024113636431,268.7540305757693
0.026646911852609534,268.45463453710425
0.027493582568854813,268.14542793662196
0.028340253285100092,267.82642465865916
0.02918692400134537,267.4976390135588
0.030033594717590595,267.1590857376702
0.030880265433835874,266.81077999334923
0.03172693615008115,266.452737368958
0.03257360686632643,266.0849738788652
0.033420277582571656,265.7075059634456
0.034266948298816935,265.3203504890807
0.035113619015062214,264.9235247481582
0.03596028973130744,264.5170464590722
0.03680696044755272,264.10093376622325
0.037653631163797996,263.6752052400184
0.038500301880043275,263.2398798768709
0.0393469725962885,262.7949770992005
0.04019364331253378,262.34051675543327
0.04104031402877906,261.8765191200019
0.041886984745024336,261.4030048933451
0.04273365546126956,260.9199952019085
0.04358032617751484,260.4275115981434
0.04442699689376012,259.92557606050815
0.0452736676100054,259.4142109934673
0.04612033832625062,258.8934392274916
0.0469670090424959,258.36328401905837
0.04781367975874118,257.8237690506515
0.0486603504749864,257.2749184307609
0.04950702119123168,256.716756693883
0.05035369190747696,256.1493088005208
0.05120036262372224,255.57260013718366
0.05204703333996746,254.986656516387
0.05289370405621274,254.3915041766531
0.05374037477245802,253.78716978251026
0.0545870454887033,253.17368042449354
0.055433716204948524,252.5510636191441
0.056280386921193803,251.9193473090095
0.05712705763743908,251.27855986264393
0.057973728353684306,250.62873007460783
0.058820399069929585,249.96988716546792
0.059667069786174864,249.30206078179754
0.060513740502420144,248.62528099617626
0.06136041121866537,247.93957830719017
0.062207081934910646,247.2449836394317
0.06305375265115593,246.5415283434996
0.0639004233674012,245.82924419599908
0.06474709408364643,245.10816339954195
0.06559376479989171,244.37831858274598
0.06644043551613699,243.6397428002356
0.06728710623238227,242.8924695326418
0.06813377694862749,242.1365326866016
0.06898044766487277,241.37196659475867
0.06982711838111805,240.59880601576296
0.07067378909736327,239.81708613427094
0.0715204598136086,239.02684256094523
0.07236713052985383,238.2281113324552
0.07321380124609905,237.42092891147635
0.07406047196234439,236.6053321866905
0.07490714267858961,235.78135847278628
0.07575381339483483,234.9490455104583
0.07660048411108017,234.10843146640764
0.07744715482732539,233.25955493334206
0.07829382554357073,232.40245492997528
0.07914049625981595,231.53717090102788
0.07998716697606117,230.6637427172265
0.08083383769230651,229.78221067530413
0.08168050840855173,228.89261549800062
0.08252717912479696,227.9949983340617
0.08337384984104229,227.08940075823952
0.08422052055728751,226.17586477129322
0.08506719127353274,225.2544327999876
0.08591386198977807,224.32514769709425
0.0867605327060233,223.38805274139122
0.08760720342226863,222.4431916376625
0.08845387413851385,221.49060851669918
0.08930054485475908,220.53034793529818
0.09014721557100441,219.56245487626282
0.09099388628724964,218.5869747484033
0.09184055700349486,217.60395338653578
0.0926872277197402,216.61343705148275
0.09353389843598542,215.61547243007362
0.09438056915223064,214.61010663514372
0.09522723986847598,213.59738720553474
0.0960739105847212,212.57736210609528
0.09692058130096654,211.55007972767973
0.09776725201721176,210.5155888871493
0.09861392273345698,209.4739388273715
0.09946059344970232,208.42517921721986
0.10030726416594754,207.36936015157505
0.10115393488219276,206.30653215132352
0.1020006055984381,205.2367461633581
0.10284727631468332,204.1600535605786
0.10369394703092855,203.0765061418907
0.10454061774717388,201.9861561322064
0.1053872884634191,200.88905618244473
0.10623395917966444,199.78525936953034
0.10708062989590966,198.6748191963949
0.10792730061215489,197.55778959197622
0.10877397132840022,196.43422491121822
0.10962064204464544,195.3041799350718
0.11046731276089067,194.16770987049395
0.111313983477136,193.0248703504478
0.11216065419338123,191.8757174339034
0.11300732490962645,190.7203076058369
0.11385399562587178,189.55869777723066
0.11470066634211701,188.39094528507403
0.11554733705836234,187.217107892362
0.11639400777460757,186.03724378809667
0.11724067849085279,184.85141158728615
0.11808734920709812,183.6596703309447
0.11893401992334335,182.46207948609361
0.11978069063958857,181.2586989457602
0.1206273613558339,180.04958902897798
0.12147403207207913,178.8348104807874
0.12232070278832435,177.61442447223487
0.12316737350456969,176.38849260037318
0.12401404422081491,175.15707688826188
0.12486071493706025,173.9202397849666
0.12570738565330547,172.67804416555967
0.1265540563695507,171.43055333111934
0.12740072708579603,170.17783100873052
0.12824739780204125,168.91994135148482
0.12909406851828648,167.6569489384797
0.1299407392345318,166.38891877481925
0.13078740995077703,165.11591629161416
0.13163408066702237,163.83800734598114
0.1324807513832676,162.55525822104372
0.13332742209951282,161.26773562593135
0.13417409281575815,159.97550669578015
0.13502076353200337,158.67863899173284
0.1358674342482486,157.37720050093807
0.13671410496449393,156.07125963655102
0.13756077568073916,154.76088523773376
0.13840744639698438,153.44614656965402
0.13925411711322971,152.12711332348624
0.14010078782947494,150.80385561641154
0.14094745854572027,149.47644399161683
0.1417941292619655,148.1449494182962
0.14264079997821072,146.80944329164947
0.14348747069445605,145.46999743288282
0.14433414141070128,144.1266840892096
0.1451808121269465,142.77957593384872
0.14602748284319184,141.42874606602578
0.14687415355943706,140.07426801097307
0.14772082427568228,138.71621571992884
0.14856749499192762,137.35466357013772
0.14941416570817284,135.98968636485137
0.15026083642441818,134.62135933332695
0.1511075071406634,133.24975813082887
0.15195417785690862,131.87495883862738
0.15280084857315396,130.497037963999
0.15364751928939918,129.11607244022736
0.1544941900056444,127.73213962660195
0.15534086072188974,126.3453173084184
0.15618753143813496,124.95568369697958
0.1570342021543802,123.5633174295941
0.15788087287062552,122.16829756957681
0.15872754358687075,120.77070360624982
0.15957421430311608,119.37061545494062
0.1604208850193613,117.96811345698403
0.16126755573560653,116.56327837972057
0.16211422645185186,115.15619141649717
0.16296089716809709,113.74693418666787
0.1638075678843423,112.33558873559234
0.16465423860058764,110.92223753463675
0.16550090931683287,109.50696348117424
0.1663475800330781,108.08984989858378
0.16719425074932343,106.67098053625061
0.16804092146556865,105.25043956956718
0.16888759218181398,103.82831159993135
0.1697342628980592,102.40468165474817
0.17058093361430443,100.9796351874287
0.17142760433054977,99.55325807739018
0.172274275046795,98.12563663005685
0.1731209457630402,96.69685757685892
0.17396761647928555,95.26700807523287
0.17481428719553077,93.83617570862219
0.1756609579117761,92.40444848647599
0.17650762862802133,90.97191484425046
0.17735429934426655,89.53866364340786
0.1782009700605119,88.10478417141653
0.1790476407767571,86.67036614175194
0.17989431149300233,85.23549969389543
0.18074098220924767,83.80027539333472
0.1815876529254929,82.36478423156433
0.18243432364173812,80.92911762608483
0.18328099435798345,79.49336742040302
0.18412766507422867,78.05762588403275
0.184974335790474,76.62198571249357
0.18582100650671923,75.18654002731202
0.18666767722296446,73.75138237602054
0.1875143479392098,72.31660673215801
0.18836101865545501,70.88230749527028
0.18920768937170024,69.44857949090887
0.19005436008794557,68.01551797063198
0.1909010308041908,66.58321861200449
0.19174770152043602,65.15177751859729
0.19259437223668135,63.72129121998752
0.19344104295292658,62.29185667175943
0.1942877136691719,60.86357125550291
0.19513438438541714,59.43653277881481
0.19598105510166236,58.01083947529805
0.1968277258179077,56.58659000456178
0.19767439653415292,55.16388345222211
0.19852106725039814,53.742819329901074
0.19936773796664348,52.323497575227165
0.2002144086828887,50.90601855183566
0.20106107939913392,49.49048304936771
0.20190775011537926,48.07699228347094
0.20275442083162448,46.66564789579989
0.20360109154786982,45.25655195401475
0.20444776226411504,43.84980695178284
0.20529443298036026,42.4455158087773
0.2061411036966056,41.043781870677726
0.20698777441285082,39.64470890917063
0.20783444512909605,38.24840112194836
0.20868111584534138,36.854963132709734
0.2095277865615866,35.464499991160395
0.21037445727783183,34.07711717301181
0.21122112799407716,32.692920579982065
0.21206779871032239,31.312016539795934
0.21291446942656772,29.934511806184034
0.21376114014281294,28.56051355888409
0.21460781085905817,27.190129403639524
0.2154544815753035,25.82346737220029
0.21630115229154873,24.460635922323306
0.21714782300779395,23.101743937771218
0.21799449372403928,21.746900728313157
0.2188411644402845,20.396216029725274
0.21968783515652973,19.049800003789308
0.22053450587277507,17.707763238293687
0.2213811765890203,16.370216747033638
0.22222784730526562,15.03727196980995
0.22307451802151085,13.709040772430782
0.22392118873775607,12.385635446710026
0.2247678594540014,11.06716871046784
0.22561453017024663,9.753753707531601
0.22646120088649185,8.445504007734328
0.2273078716027372,7.142533606915379
0.2281545423189824,5.844956926921284
0.22900121303522775,4.552888815604106
0.22984788375147297,3.2664445468229957
0.2306945544677182,1.985739820443058
0.23154122518396353,0.7108907623357936
0.23238789590020875,-0.5579860756206045
0.23323456661645398,-1.8207737155417334
0.2340812373326993,-3.077354753536966
0.23492790804894453,-4.327611359708754
0.23577457876518976,-5.571425278153583
0.2366212494814351,-6.808677826961869
0.23746792019768032,-8.039249898216568
0.23831459091392565,-9.263021957995363
0.23916126163017087,-10.47987404636875
0.2400079323464161,-11.689685777401309
0.24085460306266143,-12.892336339151115
0.24170127377890666,-14.087704493669548
0.24254794449515188,-15.275668577001909
0.24339461521139721,-16.456106499187257
0.24424128592764244,-17.628895744257747
0.24508795664388766,-18.793913370239494
0.245934627360133,-19.951036009152205
0.24678129807637822,-21.100139867009062
0.24762796879262355,-22.24110072381697
0.24847463950886878,-23.373793933576195
0.249321310225114,-24.498094424280936
0.25016798094135934,-25.613876697918954
0.25101465165760456,-26.72101483047129
0.2518613223738498,-27.819382471912803
0.2527079930900951,-28.908852846212255
0.25355466380634034,-29.98929875133146
0.25440133452258556,-31.060592559226052
0.2552480052388309,-32.12260621584565
0.2560946759550761,-33.175211241132814
0.25694134667132146,-34.21827872902415
0.2577880173875667,-35.251679347449624
0.2586346881038119,-36.27528333833314
0.25948135882005724,-37.28896051759202
0.26032802953630246,-38.29258027513683
0.2611747002525477,-39.28601157487236
0.262021370968793,-40.2691229546968
0.26286804168503825,-41.24178252650151
0.26371471240128347,-42.20385797617212
0.2645613831175288,-43.155216563587544
0.265408053833774,-44.09572512262022
0.26625472455001936,-45.02525006113629
0.2671013952662646,-45.943657360995445
0.2679480659825098,-46.85081257805106
0.26879473669875514,-47.74658084215022
0.26964140741500037,-48.630826857133144
0.2704880781312456,-49.503414900834315
0.2713347488474909,-50.36420882508139
0.27218141956373615,-51.21307205569559
0.2730280902799815,-52.049867592492234
0.2738747609962267,-52.87445800927938
0.27472143171247193,-53.686705453859446
0.27556810242871727,-54.48647164802864
0.2764147731449625,-55.27361788757551
0.2772614438612077,-56.04800504228348
0.27810811457745305,-56.80949355592941
0.27895478529369827,-57.55794344628296
0.2798014560099435,-58.29321430510828
0.28064812672618883,-59.01516529816274
0.28149479744243405,-59.72365516519719
0.2823414681586794,-60.41854221995624
0.2831881388749246,-61.09968435017825
0.28403480959116983,-61.76693901759484
0.28488148030741517,-62.42016325793176
0.2857281510236604,-63.05921368090779
0.2865748217399056,-63.68394647023544
0.28742149245615095,-64.29421738362126
0.2882681631723962,-64.88988175276481
0.2891148338886414,-65.47079448335973
0.28996150460488673,-66.03681005509301
0.29080817532113196,-66.58778252164515
0.2916548460373773,-67.12356551069055
0.2925015167536225,-67.64401222389728
0.29334818746986774,-68.14897543692621
0.2941948581861131,-68.63830749943287
0.2950415289023583,-69.11186033506578
0.2958881996186035,-69.56948544146735
0.29673487033484885,-70.01103389027327
0.2975815410510941,-70.43635632711312
0.2984282117673393,-70.8453029716099
0.29927488248358464,-71.23772361738042
0.30012155319982986,-71.61346763203483
0.3009682239160752,-71.97238395717727
0.3018148946323204,-72.31432110840507
0.30266156534856564,-72.63912717530911
0.303508236064811,-72.94664982147452
0.3043549067810562,-73.23673628447938
0.3052015774973014,-73.50923337589558
0.30604824821354676,-73.76398748128872
0.306894918929792,-74.00084456021796
0.3077415896460372,-74.21965014623595
0.30858826036228254,-74.42024934688902
0.30943493107852776,-74.6024868437172
0.3102816017947731,-74.76620689225388
0.3111282725110183,-74.91125332202637
0.31197494322726355,-75.0374695365553
0.3128216139435089,-75.14469851335508
0.3136682846597541,-75.23278280393356
0.3145149553759993,-75.30156453379237
0.31536162609224466,-75.3508854024268
0.3162082968084899,-75.38058668332548
0.3170549675247352,-75.39050922397058
0.31790163824098044,-75.38049344583857
0.31874830895722567,-75.35037934439873
0.319594979673471,-75.30000648911414
0.3204416503897162,-75.22921402344184
0.32128832110596145,-75.13784066483208
0.3221349918222068,-75.02572470472882
0.322981662538452,-74.89270400856964
0.32382833325469723,-74.73861601578591
0.32467500397094257,-74.56329773980235
0.3255216746871878,-74.36658576803728
0.3263683454034331,-74.14831626190289
0.32721501611967835,-73.90832495680479
0.32806168683592357,-73.64644716214207
0.3289083575521689,-73.36251776130746
0.32975502826841413,-73.05637121168769
0.33060169898465935,-72.72784154466257
0.3314483697009047,-72.37676236560583
0.3322950404171499,-72.00296685388469
0.33314171113339514,-71.60628776286012
0.33398838184964047,-71.1865574198863
0.3348350525658857,-70.74360772631138
0.33568172328213103,-70.27727015747735
0.33652839399837625,-69.78737576271897
0.3373750647146215,-69.27375516536534
0.3382217354308668,-68.73623856273895
0.33906840614711203,-68.17465572615595
0.33991507686335726,-67.58883600092594
0.3407617475796026,-66.9786083063521
0.3416084182958478,-66.34380113573138
0.34245508901209304,-65.68424255635443
0.3433017597283384,-64.9997602095051
0.3441484304445836,-64.29018131046126
0.34499510116082893,-63.555332648494016
0.34584177187707416,-62.795040586868595
0.3466884425933194,-62.00913106284321
0.3475351133095647,-61.197429587669944
0.34838178402580994,-60.35976124659487
0.34922845474205516,-59.49595069885709
0.3500751254583005,-58.60582217768945
0.3509217961745457,-57.689199490318515
0.35176846689079094,-56.74590601796456
0.3526151376070363,-55.77576471584132
0.3534618083232815,-54.77859811315591
0.35430847903952684,-53.754228313109365
0.35515514975577206,-52.70247699289666
0.3560018204720173,-51.623165403705116
0.3568484911882626,-50.516114370717105
0.35769516190450784,-49.38114429310792
0.35854183262075306,-48.218075144046566
0.3593885033369984,-47.026726470695166
0.3602351740532436,-45.806917394210586
0.36108184476948885,-44.5584666097418
0.3619285154857342,-43.28119238643296
0.3627751862019794,-41.97491256742069
0.36362185691822474,-40.639444569835405
0.36446852763446996,-39.27460538480193
0.3653151983507152,-37.880211577437535
0.3661618690669605,-36.45607928685331
0.36700853978320574,-35.002024226154845
0.36785521049945097,-33.517861682440866
0.3687018812156963,-32.0034065168029
0.3695485519319415,-30.458473164327643
0.37039522264818686,-28.88287563409358
0.3712418933644321,-27.276427509174596
0.3720885640806773,-25.638941946636578
0.37293523479692264,-23.970231677540255
0.37378190551316787,-22.270109006939265
0.3746285762294131,-20.53838581388129
0.3754752469456584,-18.774873551406813
0.37632191766190365,-16.979383246551492
0.3771685883781489,-15.151725500342422
0.3780152590943942,-13.291710487801879
0.37886192981063943,-11.399147957945729
0.37970860052688477,-9.473847233782635
0.38055527124313,-7.515617212315647
0.3814019419593752,-5.524266364540495
0.38224861267562055,-3.4996027354471835
0.38309528339186577,-1.4414339440195363
0.383941954108111,0.6504328167656013
0.38478862482435633,2.7761907799374512
0.38563529554060155,4.9360336045319855
0.3864819662568468,7.130155375590675
0.3873286369730921,9.358750604162879
0.38817530768933733,11.622014227302657
0.38902197840558267,13.920141608072186
0.3898686491218279,16.253328535538344
0.3907153198380731,18.62177122477533
0.39156199055431845,21.02566631686409
0.3924086612705637,23.465210878890957
0.3932553319868089,25.940602403949697
0.39410200270305423,28.452038811140028
0.39494867341929946,30.999718445567396
0.3957953441355447,33.58384007834434
0.39664201485179,36.20460290659071
0.39748868556803524,38.86220655343027
0.3983353562842806,41.55685106799592
0.3991820270005258,44.28873692542493
0.400028697716771,47.05806502686187
0.40087536843301635,49.8650366994583
0.4017220391492616,52.70985369637049
0.4025687098655068,55.592718196762235
0.40341538058175214,58.51383280580433
0.40426205129799736,61.473400554672025
0.4051087220142426,64.4716249005487
0.4059553927304879,67.50870972662449
0.40680206344673314,70.58485934209341
0.4076487341629785,73.7002784821583
0.4084954048792237,76.85517230802748
0.4093420755954689,80.04974640691557
0.41018874631171426,83.28420679204407
0.4110354170279595,86.55875990264008
0.4118820877442047,89.87361260393823
0.41272875846045004,93.22897218717833
0.41357542917669526,96.62504636960762
0.4144220998929406,100.06204329447917
0.4152687706091859,103.54017153105212
